{"cameraMode":{"drawMode":0,"name":"Shaded","section":"Shading Mode"},"sceneLighting":false,"audioPlay":false,"sceneViewState":{"showFog":true,"showMaterialUpdate":false,"showSkybox":false,"showFlares":true,"showImageEffects":true,"showParticleSystems":true},"in2DMode":false,"pivot":{"x":1.3088159561157227,"y":6.221887588500977,"z":-97.58000183105469},"rotation":{"x":0.010514752008020878,"y":0.9259456992149353,"z":-0.3767208755016327,"w":0.025862108916044236},"size":89.43399047851563,"orthographic":false}