{"cameraMode":{"drawMode":0,"name":"Shaded","section":"Shading Mode"},"sceneLighting":false,"audioPlay":false,"sceneViewState":{"showFog":true,"showMaterialUpdate":false,"showSkybox":false,"showFlares":true,"showImageEffects":true,"showParticleSystems":true},"in2DMode":false,"pivot":{"x":66.81481170654297,"y":-1.1972124576568604,"z":99.02818298339844},"rotation":{"x":0.17052237689495088,"y":-0.574722409248352,"z":0.12393840402364731,"w":0.7907338738441467},"size":13.74898910522461,"orthographic":false}